{
    "train_loss": [
        1.9807217336654663,
        1.7553917949676514,
        1.6237535181045533,
        1.491037504196167,
        1.400047350692749
    ],
    "train_acc": [
        0.2476,
        0.339,
        0.3922,
        0.4474,
        0.4846
    ],
    "val_loss": [
        1.7910845378875733,
        1.628905578994751,
        1.4719077697753906,
        1.4370971046447754,
        1.4428324815750122
    ],
    "val_acc": [
        0.3232,
        0.3777,
        0.4574,
        0.4594,
        0.4765
    ]
}