epoch,train_loss,train_acc,val_loss,val_acc
1,1.9807217336654663,0.2476,1.7910845378875733,0.3232
2,1.7553917949676514,0.339,1.628905578994751,0.3777
3,1.6237535181045533,0.3922,1.4719077697753906,0.4574
4,1.491037504196167,0.4474,1.4370971046447754,0.4594
5,1.400047350692749,0.4846,1.4428324815750122,0.4765
