{
    "learnable": {
        "train_loss": [
            2.0898864204406737,
            1.9279930656433106,
            1.8550567222595216,
            1.7952257976531982,
            1.7499189777374267
        ],
        "train_acc": [
            0.2112,
            0.2642,
            0.2937,
            0.3191,
            0.3408
        ],
        "val_loss": [
            1.9429600568771361,
            1.8701298385620118,
            1.771785426712036,
            1.7155827522277831,
            1.6784770784378051
        ],
        "val_acc": [
            0.2646,
            0.2845,
            0.3276,
            0.3569,
            0.3646
        ]
    },
    "sinusoidal": {
        "train_loss": [
            2.1125943775177003,
            1.9541406230926515,
            1.81372774848938,
            1.7236080125808715,
            1.6530068580627442
        ],
        "train_acc": [
            0.2026,
            0.262,
            0.3207,
            0.3639,
            0.3843
        ],
        "val_loss": [
            2.004650548171997,
            1.8161819946289062,
            1.6719493474960327,
            1.64050804271698,
            1.5926799423217775
        ],
        "val_acc": [
            0.2431,
            0.3338,
            0.3863,
            0.395,
            0.4205
        ]
    }
}