{
    "train_loss": [
        0.650014596289342,
        0.23628580920975767,
        0.17180023500709063,
        0.14187653535402747,
        0.10631552491611497,
        0.07767803451395701,
        0.06493208591266875,
        0.042346509494362784,
        0.024466180080751652,
        0.021307068322053552
    ],
    "train_acc": [
        0.7602642361401455,
        0.9153775399280877,
        0.9412994397524876,
        0.9512501045237897,
        0.9646291495944477,
        0.9741617192072916,
        0.9781754327284891,
        0.9854502884856593,
        0.9928923823062129,
        0.992641525211138
    ],
    "val_loss": [
        0.3092201494167898,
        0.1723857326346023,
        0.20074078983792634,
        0.1448243148276739,
        0.142663840082622,
        0.16945666739734533,
        0.17996313462956487,
        0.19433959857256056,
        0.1544808784551988,
        0.19030761793603965
    ],
    "val_acc": [
        0.8919392523364486,
        0.9415887850467289,
        0.9264018691588785,
        0.9439252336448598,
        0.9497663551401869,
        0.9491822429906542,
        0.951518691588785,
        0.945677570093458,
        0.9561915887850467,
        0.9509345794392523
    ]
}