{
    "train_loss": [
        0.32456831757165433,
        0.16424832314066992,
        0.1307311115918654,
        0.10314586264057274,
        0.08228218513842155,
        0.06402673005475432,
        0.04502038176341354,
        0.03087827420232769,
        0.021643276968949465,
        0.01660330065903883
    ],
    "train_acc": [
        0.8882530510954312,
        0.9452562179380336,
        0.9562197899883327,
        0.9659055132692557,
        0.9727762653480749,
        0.9784062077522825,
        0.9845361779358113,
        0.9896846121080801,
        0.9929440524473582,
        0.9948515658277312
    ],
    "val_loss": [
        0.10732656666656724,
        0.11821593418836546,
        0.07308240255444455,
        0.08027016088814855,
        0.0700652875838096,
        0.06710312634137501,
        0.05657793197468793,
        0.0390195749550745,
        0.03791091673827709,
        0.03527385335275401
    ],
    "val_acc": [
        0.9647141143542582,
        0.9611155537784886,
        0.9768092762894842,
        0.9742103158736506,
        0.978108756497401,
        0.9792083166733306,
        0.9825069972011196,
        0.9887045181927229,
        0.9889044382247101,
        0.9901039584166333
    ]
}