{
    "train_loss": [
        0.5940025712966919,
        0.23619933589696884,
        0.15278413810133934,
        0.12795756194144486,
        0.09079260611087084
    ],
    "train_acc": [
        0.8008,
        0.918,
        0.9476,
        0.9562,
        0.9682
    ],
    "val_loss": [
        0.30516377222537994,
        0.2919833125889301,
        0.25323417830467226,
        0.2473074754178524,
        0.25448506011366845
    ],
    "val_acc": [
        0.9,
        0.9003,
        0.9182,
        0.9206,
        0.9206
    ]
}