epoch,train_loss,train_acc,val_loss,val_acc
1,0.5940025712966919,0.8008,0.30516377222537994,0.9
2,0.23619933589696884,0.918,0.2919833125889301,0.9003
3,0.15278413810133934,0.9476,0.25323417830467226,0.9182
4,0.12795756194144486,0.9562,0.2473074754178524,0.9206
5,0.09079260611087084,0.9682,0.25448506011366845,0.9206
