{
    "accuracy": 0.9579,
    "precision_macro": 0.9583433903168675,
    "recall_macro": 0.9578999999999999,
    "f1_macro": 0.9579830706083474,
    "auc_macro_ovr": 0.9988481611111112
}