{
    "train_loss": [
        0.8517317227575031,
        0.5400288077822816,
        0.4253432781727819,
        0.36966747560621915,
        0.31782091806261664,
        0.27360344027304634,
        0.24089964094249908,
        0.21034738949628287,
        0.19034134642377487,
        0.17960814283373405
    ],
    "train_acc": [
        0.6876829166318255,
        0.8035788945564011,
        0.8462246007191236,
        0.866460406388494,
        0.8892884020403043,
        0.9014967806672799,
        0.9142068734844051,
        0.9262480140479973,
        0.9339409649636258,
        0.9401287733088051
    ],
    "val_loss": [
        0.6302330003720578,
        0.53944890298576,
        0.5766368012561977,
        0.5386770531952938,
        0.4514060861596437,
        0.38514409611158285,
        0.3056593219810557,
        0.2568559304019001,
        0.24927091584584424,
        0.24136316107812328
    ],
    "val_acc": [
        0.7634345794392523,
        0.8054906542056075,
        0.7920560747663551,
        0.8165887850467289,
        0.8376168224299065,
        0.8592289719626168,
        0.8907710280373832,
        0.9077102803738317,
        0.9077102803738317,
        0.9123831775700935
    ]
}