{
    "train_loss": [
        2.101699903869629,
        2.0242022996902467,
        1.9622392288208008,
        1.9084369663238525,
        1.8545462142944336
    ],
    "train_acc": [
        0.2094,
        0.2404,
        0.2598,
        0.2696,
        0.3066
    ],
    "val_loss": [
        2.016447760772705,
        1.9543571208953858,
        1.8976726160049437,
        1.8469355194091797,
        1.8588349758148193
    ],
    "val_acc": [
        0.2385,
        0.2688,
        0.2886,
        0.3031,
        0.3013
    ]
}