{
    "train_loss": [
        1.8965343734741211,
        1.6639935175323486,
        1.5507902363967896,
        1.4739601460647582,
        1.4109569569778442,
        1.3547005059432984,
        1.3055328022766113,
        1.266569384613037,
        1.237417707901001,
        1.2024524318885803
    ],
    "train_acc": [
        0.28152,
        0.38168,
        0.42978,
        0.45792,
        0.48236,
        0.5051,
        0.52462,
        0.54138,
        0.55188,
        0.56466
    ],
    "val_loss": [
        1.6983578378677369,
        1.5274685836791992,
        1.4247426460266113,
        1.3745280641555786,
        1.3146509870529175,
        1.2332747507095336,
        1.1910370244026185,
        1.1707013145446776,
        1.135109679222107,
        1.124451629638672
    ],
    "val_acc": [
        0.3607,
        0.4374,
        0.4776,
        0.4987,
        0.5258,
        0.5514,
        0.5659,
        0.5786,
        0.5953,
        0.5987
    ]
}