epoch,train_loss,train_acc,val_loss,val_acc
1,2.101699903869629,0.2094,2.016447760772705,0.2385
2,2.0242022996902467,0.2404,1.9543571208953858,0.2688
3,1.9622392288208008,0.2598,1.8976726160049437,0.2886
4,1.9084369663238525,0.2696,1.8469355194091797,0.3031
5,1.8545462142944336,0.3066,1.8588349758148193,0.3013
