{
    "accuracy": 0.5987,
    "precision_macro": 0.6031391773698527,
    "recall_macro": 0.5987000000000001,
    "f1_macro": 0.598516603666942,
    "auc_macro_ovr": 0.9263840444444444
}